id,title,likes,comments,shares,saves,views,reach,follows,nonfollower_pct,format
59,تبریک سال نو,271,5,0,2,7440,5304,0,6.1,other
60,اسلایدی معرفی فیلم,169,3,41,91,10522,5905,19,0.9,carousel
61,ارز جدید منصوری,469,352,58,106,37115,17808,18,23.5,reel
62,عیدی امسال سبد پر سود,641,1300,14,43,15011,9826,10,18.3,reel
62b,اعضای بدن یک تریدر حرفه ای,259,14,38,61,15949,8233,1,3.6,reel
63,۸ ارز که نهنگ ها توجه دارن,373,153,83,156,28615,13199,2,19.0,reel
64,دنبال یک ارز ناشناخته,372,404,59,112,31915,14605,20,20.1,reel
65,میخوای قهرمان باشی,216,5,38,64,11622,5382,0,1.2,carousel
66,دارک ترین پرامپت,126,59,23,46,11564,5693,0,20.6,reel
67,میخوای حذف نشی,162,48,32,56,8487,4924,1,0.8,carousel
68,بیت کوین الان بخریم یا نه,656,454,66,111,14539,9499,0,13.0,reel
69,جدیدترین ایردراپ,235,274,30,92,12881,7610,13,26.4,reel
70,مذاکرات ترامپ و ایران,541,390,37,73,31550,18256,1,1.1,carousel
71,سرنوشت بیت کوین ۲۰۲۵,306,349,22,45,23565,11122,2,19.4,reel
72,قطعا باورت نمیشه,510,40,136,68,54295,23212,3,38.5,reel
73,اتریوم در حال سقوط,904,206,99,170,55821,30584,9,5.7,carousel
74,بهترین تصمیم برای سرمایه گذاری,471,28,90,90,64925,23688,4,13.9,reel
75,تتر ریخت,638,11,55,102,41781,22912,1,2.6,carousel
77,پیش بینی هوش مصنوعی از اقتصاد ایران,190,3,2,15,7275,4714,0,12.3,reel
78,۳۵ سالگی,448,82,48,135,24390,12477,0,4.9,carousel
79,بازار دوباره صعودی میشه,351,12,8,41,22799,11172,0,2.7,carousel
80,ریلز ترند,266,14,14,45,31596,13100,3,25.1,reel
81,طلا بالاترین قیمت تاریخ,245,6,9,26,19033,10365,0,2.0,carousel
82,قطعا تو هم نمیدونی,187,46,30,85,14487,6909,2,34.3,reel
83,نگاهت رو به زندگی عوض کن,278,5,80,118,16596,8444,6,31.1,reel
84,با این مسیر,223,70,61,134,15309,7840,1,3.4,carousel
85,هر تریدر باید این راز رو بدونه,328,108,44,66,26787,12064,2,21.7,reel
86,قدرت کندل در بازار,154,11,34,70,7897,5235,1,25.6,reel
87,۸ سایت ممنوعه,1300,342,1700,2000,60488,41205,122,46.8,carousel
88,تاثیرات بیت کوین,278,18,8,25,9130,6182,0,20.1,reel
89,۶ سایت حرفه ای,442,15,478,998,32001,18259,26,53.6,reel
90,تحلیل وضعیت اتریوم,467,439,18,52,27081,12769,0,1.2,carousel
91,قبل از ضرر این کوین ها رو بفروش,411,676,20,51,33082,15770,3,16.5,reel
93,اتریوم یا ریپل,390,283,15,57,20650,10090,7,5.4,carousel
94,جدیدترین ارز برای شکارچیها,262,191,35,99,20921,10600,9,28.0,reel
95,تاثیر طلا روی بیت کوین,290,129,13,43,22004,10914,7,31.2,reel
96,معامله بیشتر یعنی سود بیشتر,279,9,17,40,24558,11284,5,20.6,reel
97,شکار میم کوین,553,115,302,518,22538,13125,6,8.4,carousel
98,سه میم کوین,932,1100,428,675,79464,34323,96,44.4,reel
99,ترید به روش ایلان ماسک,419,431,142,269,17389,9349,70,5.8,carousel
100,کاردانو در حال مرگ,396,378,76,60,35919,14544,9,16.4,reel
101,پرامپت های لو رفته از نهنگ ها,228,90,59,139,11257,10975,0,2.6,carousel
102,هوش مصنوعی تراپیست ترید,115,39,47,47,11725,6287,4,32.7,reel
103,درامد غیرفعال,268,312,53,121,22166,9413,4,19.5,reel
104,تحلیل بیت آقای بیات,846,37,50,69,18071,10979,12,17.2,reel
105,ترید به روش ترامپ,235,67,20,48,14309,7016,23,1.1,carousel
106,۹۹ درصد آدمها نمیدونن,246,11,46,37,43085,17084,4,27.9,reel
107,سندرم باید یه کاری کنیم,145,10,6,26,8167,3860,0,1.3,carousel
108,راز تحلیل در هر تایم فریم,228,8,128,169,11058,6469,6,28.4,reel
110,بهترین ستاپ برای تازه کارها,191,7,16,50,7321,4775,8,30.1,reel
111,خیلی از تریدرها این ستاپ رو بلد نیستن,150,39,10,45,5998,3840,1,18.5,reel
112,تکنولوژی جدید در دنیای ترید,2600,4100,1700,2500,177922,117078,1486,79.2,reel
113,ترید کردن در سال ۲۰۹۹,283,297,55,109,21315,14285,67,40.0,reel
114,رازی که همه تریدرها نمیدونن,3800,1400,3000,6600,359000,163244,1104,88.1,reel
115,چرا مایکرو استراتژی بیت میخره,274,45,8,24,18298,9000,2,2.1,reel
116,ساعت های مهم بازار جهانی,279,128,10,224,17928,9294,14,35.2,reel
117,۹۹ درصد تریدرها نمیدونن,689,138,498,1000,54743,26449,66,59.5,reel
118,تست روانشناسی,93,27,14,29,8090,4505,3,20.9,reel
119,در جنگ چطور تصمیم مالی بگیریم,196,6,11,21,23558,8907,0,2.9,carousel
120,تحلیل تخصصی بیت در ۲ دقیقه,517,53,39,48,14948,9808,10,20.2,reel
121,۸ استراتژی محبوب بازار مالی,390,21,225,318,20800,11026,24,15.2,carousel
122,داستان سقوط اقتصاد آمریکا,155,4,22,38,15011,7373,0,1.8,carousel
123,نظر بزرگان ترید,111,4,6,22,9745,4597,2,1.6,carousel
124,ترامپ اقتصاد آمریکا رو نابود میکنه,277,6,59,54,12531,8380,7,33.0,reel
125,بهترین ابزارهای معاملاتی کریپتو,191,9,129,192,12312,6389,3,9.3,carousel
201,تحلیل بیت 5/4,520,70,41,94,10968,4795,6,21.5,reel
202,۴ ارز سود ده ۲۰۲۵,474,876,77,47,16496,7178,9,16.5,reel
203,تحلیل نات کوین,285,52,19,43,4891,2601,3,8.6,reel
204,اسم ارز رو برام بنویس بررسی کنم,176,210,25,9,7133,7133,2,15.2,reel
205,کتاب تریدرها,244,177,50,123,6279,3510,7,35.6,reel
206,تحلیل بیت 5/16,468,49,50,54,10554,4090,7,1.2,reel
207,بزرگ فکر کن کوچک حرکت کن,235,11,38,63,4219,3607,5,48.6,reel
208,ارسال پرامپت,225,223,11,74,7523,3666,5,24.1,reel
209,۱۰ دلار صرافی,123,101,11,29,4544,2304,4,35.7,reel
210,میم کوین 5/18,364,635,10,44,11467,5664,25,30.5,reel
211,ارزهای ۲۰۲۴,383,61,101,61,22250,7231,14,21.2,reel
212,اصطلاحات ترید,201,13,54,181,12105,4684,12,45.8,reel
213,لیست شدن داگز,139,26,5,5,10178,4267,0,54.2,reel
214,معرفی ایردراپ 5/23,394,172,162,172,50024,18217,83,82.3,reel
215,۱۰ ارز برای سرمایه گذاری,253,20,54,165,14990,4902,9,23.7,reel
216,۱۷ نکته مهم قبل ترید,144,23,4,26,4776,2562,2,51.7,reel
217,میم کوین های معروف,193,52,15,80,14226,5314,6,40.7,reel
218,شروع ترید با ۰ دلار,196,149,17,111,6504,2656,5,11.5,reel
219,کلاهبرداری همستر,427,55,522,47,58340,19366,4,41.2,reel
220,اپلیکیشن تریدرها,121,3,49,162,6587,2950,1,24.6,reel
221,معرفی ارزها 5/31,254,138,28,90,10725,4357,1,24.2,reel
222,معرفی ۳ ارز برای سرمایه گذاری,482,56,152,344,26252,13834,80,69.3,reel
223,معرفی ۱۰ ارز هوش مصنوعی,279,22,70,215,13171,5966,15,28.2,reel
224,۵ میم کوین,186,13,49,132,11582,5169,7,24.7,reel
225,پروژه ایردراپ,106,161,79,21,7273,3067,0,6.9,reel
226,تبدیل به تریدر حرفه ای در ۱۰۰ روز,145,26,18,27,5292,3150,8,57.5,reel
227,معرفی ده ارز,609,1010,53,170,21581,10248,74,33.6,reel
228,میم کوین معرفی 6/10,359,20,143,322,26493,11660,16,42.2,reel
229,دریافت بونوس صرافی,349,235,87,42,8937,5574,2,13.2,reel
230,برداشت داگز,188,18,48,36,9019,5464,1,23.7,reel
231,۷ راهکار برای بهتر ترید کردن,114,21,7,16,6666,2796,0,1.9,reel
232,۱۳ ابزار برای ترید,191,24,48,184,9990,4991,3,25.5,reel
233,۸ میم کوین ترون,345,128,68,206,22180,12047,6,52.1,reel
234,میخوای توی ترید ضرر نکنی,151,14,4,13,3782,2405,5,33.4,reel
235,معرفی ارزها 6/19,486,490,177,401,36871,15005,43,53.1,reel
236,۷ ویدیو یوتیوب,112,4,19,57,2855,1686,1,23.0,reel
237,معرفی کتاب,127,32,26,56,5247,3182,1,45.5,reel
238,تاریخ لیست شدن ایردراپ ها,9349,425,20415,10228,1160645,668950,945,98.4,reel
239,معرفی ۶۰ ایردراپ,530,748,109,329,24601,11023,11,7.9,reel
240,معرفی ۵۰ فیلم,82,16,44,22,3226,1723,1,14.5,reel
241,ترکیب فوتبال و کریپتو,205,116,50,15,20886,12725,13,56.1,reel
242,۴۰ قانون مهم ترید,109,10,11,26,9648,6879,0,78.8,reel
301,ترند ترین کوین ها در بهمن,376,326,27,78,22428,10841,10,22.3,reel
302,این ارزها بد نیستن,569,1000,38,83,30842,15858,24,26.1,reel
303,تست دقیق کدوم قسمت مغزت فعاله,372,474,24,29,61251,28053,6,47.2,reel
304,تست روانشناسی 11/12,323,835,22,34,50698,23809,31,54.7,reel
305,هر تریدر ماهری,137,9,33,87,8922,5316,0,28.1,reel
306,آپدیت فوری,1600,1300,132,147,41546,26991,200,32.5,reel
307,برگه تقلب,328,212,63,157,23018,10598,10,22.1,reel
308,این تست بهت میگه,165,176,3,17,13469,7241,2,27.4,reel
309,وضعیت آخرین تریدی که داشتی,239,176,2,9,13196,7084,7,24.6,reel
310,تست اعصاب,284,20,48,62,13689,8795,5,43.1,reel
311,تست ترس مخصوص تریدرها,278,364,13,23,19793,10674,20,27.7,reel
312,معرفی ۳ ارز مهم و فوری,330,37,120,228,25062,13366,8,32.1,reel
313,بزرگترین ترس توی ترید,189,240,5,14,15206,7309,4,26.6,reel
314,زمان لیست شدن ایردراپ ها,146,18,25,34,10424,5514,1,20.9,reel
316,اخرین ارزی که ازش سود کردی,249,71,2,14,18573,8679,0,20.0,reel
317,منطقی یا احساسی,316,547,17,30,27551,12347,7,23.4,reel
318,۸ میم کوین کمپین,595,636,237,429,49398,20436,23,27.0,reel
319,یه ارز ۸۶۶۶۰۰۰ درصد سود,825,1400,35,84,22745,15145,18,19.2,reel
320,سه ارز رو برای,566,542,114,342,35216,15986,19,27.8,reel
321,داره تو سال ۲۰۹۹ زندگی میکنه,434,554,79,148,25465,17376,44,36.7,reel
322,۳ ارز برای میلیاردر شدن,246,160,35,88,18050,8564,2,22.2,reel
323,۴ آلت کوین برای میلیاردر شدن,373,265,50,135,20281,10738,15,35.9,reel
324,۳ ارز ثانیه ای سود,249,138,52,124,18012,8557,6,21.5,reel
325,نهنگ ها از این ۵ میم کوین نمیگذرن,348,185,66,164,18495,9647,4,21.2,reel
326,۶ ارز کم ارزش با سود فوق العاده,305,127,61,154,23975,10781,11,24.1,reel
327,یه قابلیت وجود داره,432,523,139,393,23310,15276,37,30.2,reel
328,۴ میم کوین,513,685,152,355,34275,15993,6,18.5,reel
329,جیبت رو پر از پول کن,317,199,41,117,22236,10430,4,20.6,reel
330,این داداش تو ۲۰۹۹ زندگی میکنه,777,979,137,341,45682,33121,98,51.6,reel
331,۲۰ میم کوین و شت کوین,482,458,152,362,29905,13814,6,21.1,reel
333,۳ ارز با سود ۱۰۰۰ درصد,1200,2700,58,187,29566,19142,47,21.2,reel
337,۳ میم کوین که قطعا,401,244,67,126,34685,15152,1,20.6,reel
340,کدوم ارز دیجیتال میتونه,425,454,47,136,25521,12166,8,18.2,reel
343,ترامپ چهارمین کوین جهانی,388,230,53,96,31527,13556,0,17.6,reel
345,کمپین صرافی بزرگ,1700,1200,555,1100,176120,118224,318,82.5,reel
348,این هفته کدوم ارزها,293,194,27,55,15439,7692,1,18.3,reel
351,هنوز نمیدونی یه ارز رو,189,163,40,125,8998,5457,3,17.0,reel
352,جریان چیه,199,73,19,57,11409,7754,7,38.0,reel
353,برای آخرین سود ۱۴۰۳,155,39,19,42,7080,4203,1,15.6,reel
354,اسلایدی گرافیکی,535,36,387,613,26638,16608,22,18.2,carousel
355,فرصت های میلیاردی رو از دست میدی,248,286,8,61,10683,6895,3,20.2,reel
356,اتریوم ثابت کرد,453,340,22,40,41494,16909,2,16.5,reel
357,دلار ۱۰۰ هزارتومان,173,50,2,7,8040,5061,1,20.2,reel
358,لعنت به دلار ۱۰۰ هزار تومانی,325,155,4,11,9173,6379,0,14.2,reel
